{
    "loss": 35.64475631713867,
    "accuracy": 0.4313725531101227
}